jobtitle,company,location,coordinates
FedEx Delivery Driver Catalina Island $25/hr,TMV Trucking Inc,"Santa Catalina Island, CA","(33.38, -118.42)"
Permits Supervisor,Catalina Island Conservancy,"Santa Catalina Island, CA","(33.38, -118.42)"
FedEx Delivery Driver Catalina Island $25/hr,TMV Trucking Inc,"Santa Catalina Island, CA","(33.38, -118.42)"
Permits Supervisor,Catalina Island Conservancy,"Santa Catalina Island, CA","(33.38, -118.42)"
FedEx Delivery Driver Catalina Island $25/hr,TMV Trucking Inc,"Santa Catalina Island, CA","(33.38, -118.42)"
"Plant Equipment Operator, 8695 [ON-SITE]",Southern California Edison,"Avalon, CA","(33.34, -118.33)"
Fitness Center CSR,Catalina Island Medical Center,"Avalon, CA","(33.34, -118.33)"
Housekeeper,Catalina Island Medical Center,"Avalon, CA","(33.34, -118.33)"
Food Service Worker,Catalina Island Medical Center,"Avalon, CA","(33.34, -118.33)"
Distribution Journeyman Lineman - Catalina Island [ONSITE],Southern California Edison,"Avalon, CA","(33.34, -118.33)"
Front Desk / Guest Services Agent,Hotel Vista Del Mar,"Avalon, CA","(33.34, -118.33)"
"Plant Equipment Operator, 8695 [ON-SITE]",Southern California Edison,"Avalon, CA","(33.34, -118.33)"
Fitness Center CSR,Catalina Island Medical Center,"Avalon, CA","(33.34, -118.33)"
Front Desk / Guest Services Agent,Hotel Vista Del Mar,"Avalon, CA","(33.34, -118.33)"
"Plant Equipment Operator, 8695 [ON-SITE]",Southern California Edison,"Avalon, CA","(33.34, -118.33)"
Fitness Center CSR,Catalina Island Medical Center,"Avalon, CA","(33.34, -118.33)"
Distribution Journeyman Lineman - Catalina Island [ONSITE],Southern California Edison,"Avalon, CA","(33.34, -118.33)"
"Plant Equipment Operator, 8695 [ON-SITE]",Southern California Edison,"Avalon, CA","(33.34, -118.33)"
Fitness Center CSR,Catalina Island Medical Center,"Avalon, CA","(33.34, -118.33)"
Housekeeper,Catalina Island Medical Center,"Avalon, CA","(33.34, -118.33)"
Food Service Worker,Catalina Island Medical Center,"Avalon, CA","(33.34, -118.33)"
Distribution Journeyman Lineman - Catalina Island [ONSITE],Southern California Edison,"Avalon, CA","(33.34, -118.33)"
FedEx Delivery Driver Catalina Island $25/hr,TMV Trucking Inc,"Santa Catalina Island, CA","(33.38, -118.42)"
FedEx Delivery Driver Catalina Island $25/hr,TMV Trucking Inc,"Santa Catalina Island, CA","(33.38, -118.42)"
FedEx Delivery Driver Catalina Island $25/hr,TMV Trucking Inc,"Santa Catalina Island, CA","(33.38, -118.42)"
Permits Supervisor,Catalina Island Conservancy,"Santa Catalina Island, CA","(33.38, -118.42)"
Part-time Guest Services Representative,Catalina Island Conservancy,"Santa Catalina Island, CA","(33.38, -118.42)"
Permits Supervisor,Catalina Island Conservancy,"Santa Catalina Island, CA","(33.38, -118.42)"
Housekeeping Supervisor,Catalina Island Medical Center,"Avalon, CA","(33.34, -118.33)"
Part-time Guest Services Representative,Catalina Island Conservancy,"Santa Catalina Island, CA","(33.38, -118.42)"
Front Desk / Guest Services Agent,Hotel Vista Del Mar,"Avalon, CA","(33.34, -118.33)"
Airport Operations Assistant Manager,Catalina Island Conservancy,"Santa Catalina Island, CA","(33.38, -118.42)"
"Plant Equipment Operator, 8695 [ON-SITE]",Southern California Edison,"Avalon, CA","(33.34, -118.33)"
Fitness Center CSR,Catalina Island Medical Center,"Avalon, CA","(33.34, -118.33)"
Housekeeper,Catalina Island Medical Center,"Avalon, CA","(33.34, -118.33)"
Front Desk / Guest Services Agent,Hotel Vista Del Mar,"Avalon, CA","(33.34, -118.33)"
"Plant Equipment Operator, 8695 [ON-SITE]",Southern California Edison,"Avalon, CA","(33.34, -118.33)"
Fitness Center CSR,Catalina Island Medical Center,"Avalon, CA","(33.34, -118.33)"
Housekeeper,Catalina Island Medical Center,"Avalon, CA","(33.34, -118.33)"
Manager,MMW Hospitaly Corp,"Avalon, CA","(33.34, -118.33)"
Food Service Worker,Catalina Island Medical Center,"Avalon, CA","(33.34, -118.33)"
Front Desk / Guest Services Agent,Hotel Vista Del Mar,"Avalon, CA","(33.34, -118.33)"
FedEx Delivery Driver Catalina Island $25/hr,TMV Trucking Inc,"Santa Catalina Island, CA","(33.38, -118.42)"
FedEx Delivery Driver Catalina Island $25/hr,TMV Trucking Inc,"Santa Catalina Island, CA","(33.38, -118.42)"
Permits Supervisor,Catalina Island Conservancy,"Santa Catalina Island, CA","(33.38, -118.42)"
Part-time Guest Services Representative,Catalina Island Conservancy,"Santa Catalina Island, CA","(33.38, -118.42)"
Permits Supervisor,Catalina Island Conservancy,"Santa Catalina Island, CA","(33.38, -118.42)"
Part-time Guest Services Representative,Catalina Island Conservancy,"Santa Catalina Island, CA","(33.38, -118.42)"
Operations Analyst,Catalina Island Conservancy,"Santa Catalina Island, CA","(33.38, -118.42)"
Airport Operations Assistant Manager,Catalina Island Conservancy,"Santa Catalina Island, CA","(33.38, -118.42)"
FedEx Delivery Driver Catalina Island $25/hr,TMV Trucking Inc,"Santa Catalina Island, CA","(33.38, -118.42)"
Permits Supervisor,Catalina Island Conservancy,"Santa Catalina Island, CA","(33.38, -118.42)"
"Plant Equipment Operator, 8695 [ON-SITE]",Southern California Edison,"Avalon, CA","(33.34, -118.33)"
Fitness Center CSR,Catalina Island Medical Center,"Avalon, CA","(33.34, -118.33)"
Housekeeper,Catalina Island Medical Center,"Avalon, CA","(33.34, -118.33)"
Food Service Worker,Catalina Island Medical Center,"Avalon, CA","(33.34, -118.33)"
Front Desk / Guest Services Agent,Hotel Vista Del Mar,"Avalon, CA","(33.34, -118.33)"
"Plant Equipment Operator, 8695 [ON-SITE]",Southern California Edison,"Avalon, CA","(33.34, -118.33)"
Fitness Center CSR,Catalina Island Medical Center,"Avalon, CA","(33.34, -118.33)"
Part-time Guest Services Representative,Catalina Island Conservancy,"Santa Catalina Island, CA","(33.38, -118.42)"
Permits Supervisor,Catalina Island Conservancy,"Santa Catalina Island, CA","(33.38, -118.42)"
Part-time Guest Services Representative,Catalina Island Conservancy,"Santa Catalina Island, CA","(33.38, -118.42)"
FedEx Delivery Driver Catalina Island $25/hr,TMV Trucking Inc,"Santa Catalina Island, CA","(33.38, -118.42)"
Airport Operations Assistant Manager,Catalina Island Conservancy,"Santa Catalina Island, CA","(33.38, -118.42)"
FedEx Delivery Driver Catalina Island $25/hr,TMV Trucking Inc,"Santa Catalina Island, CA","(33.38, -118.42)"
Permits Supervisor,Catalina Island Conservancy,"Santa Catalina Island, CA","(33.38, -118.42)"
Permits Supervisor,Catalina Island Conservancy,"Santa Catalina Island, CA","(33.38, -118.42)"
FedEx Delivery Driver Catalina Island $25/hr,TMV Trucking Inc,"Santa Catalina Island, CA","(33.38, -118.42)"
Permits Supervisor,Catalina Island Conservancy,"Santa Catalina Island, CA","(33.38, -118.42)"
FedEx Delivery Driver Catalina Island $25/hr,TMV Trucking Inc,"Santa Catalina Island, CA","(33.38, -118.42)"
Permits Supervisor,Catalina Island Conservancy,"Santa Catalina Island, CA","(33.38, -118.42)"
Part-time Guest Services Representative,Catalina Island Conservancy,"Santa Catalina Island, CA","(33.38, -118.42)"
Airport Operations Assistant Manager,Catalina Island Conservancy,"Santa Catalina Island, CA","(33.38, -118.42)"
FedEx Delivery Driver Catalina Island $25/hr,TMV Trucking Inc,"Santa Catalina Island, CA","(33.38, -118.42)"
Permits Supervisor,Catalina Island Conservancy,"Santa Catalina Island, CA","(33.38, -118.42)"
Housekeeper,Catalina Island Medical Center,"Avalon, CA","(33.34, -118.33)"
Food Service Worker,Catalina Island Medical Center,"Avalon, CA","(33.34, -118.33)"
Distribution Journeyman Lineman - Catalina Island [ONSITE],Southern California Edison,"Avalon, CA","(33.34, -118.33)"
Front Desk / Guest Services Agent,Hotel Vista Del Mar,"Avalon, CA","(33.34, -118.33)"
"Plant Equipment Operator, 8695 [ON-SITE]",Southern California Edison,"Avalon, CA","(33.34, -118.33)"
Fitness Center CSR,Catalina Island Medical Center,"Avalon, CA","(33.34, -118.33)"
Housekeeper,Catalina Island Medical Center,"Avalon, CA","(33.34, -118.33)"
Food Service Worker,Catalina Island Medical Center,"Avalon, CA","(33.34, -118.33)"
FedEx Delivery Driver Catalina Island $25/hr,TMV Trucking Inc,"Santa Catalina Island, CA","(33.38, -118.42)"
Permits Supervisor,Catalina Island Conservancy,"Santa Catalina Island, CA","(33.38, -118.42)"
Airport Operations Assistant Manager,Catalina Island Conservancy,"Santa Catalina Island, CA","(33.38, -118.42)"
FedEx Delivery Driver Catalina Island $25/hr,TMV Trucking Inc,"Santa Catalina Island, CA","(33.38, -118.42)"
Permits Supervisor,Catalina Island Conservancy,"Santa Catalina Island, CA","(33.38, -118.42)"
FedEx Delivery Driver Catalina Island $25/hr,TMV Trucking Inc,"Santa Catalina Island, CA","(33.38, -118.42)"
FedEx Delivery Driver Catalina Island $25/hr,TMV Trucking Inc,"Santa Catalina Island, CA","(33.38, -118.42)"
Permits Supervisor,Catalina Island Conservancy,"Santa Catalina Island, CA","(33.38, -118.42)"
FedEx Delivery Driver Catalina Island $25/hr,TMV Trucking Inc,"Santa Catalina Island, CA","(33.38, -118.42)"
Permits Supervisor,Catalina Island Conservancy,"Santa Catalina Island, CA","(33.38, -118.42)"
Part-time Guest Services Representative,Catalina Island Conservancy,"Santa Catalina Island, CA","(33.38, -118.42)"
Distribution Journeyman Lineman - Catalina Island [ONSITE],Southern California Edison,"Avalon, CA","(33.34, -118.33)"
Airport Operations Assistant Manager,Catalina Island Conservancy,"Santa Catalina Island, CA","(33.38, -118.42)"
FedEx Delivery Driver Catalina Island $25/hr,TMV Trucking Inc,"Santa Catalina Island, CA","(33.38, -118.42)"
Fitness Center CSR,Catalina Island Medical Center,"Avalon, CA","(33.34, -118.33)"
Permits Supervisor,Catalina Island Conservancy,"Santa Catalina Island, CA","(33.38, -118.42)"
Part-time Guest Services Representative,Catalina Island Conservancy,"Santa Catalina Island, CA","(33.38, -118.42)"
Airport Operations Assistant Manager,Catalina Island Conservancy,"Santa Catalina Island, CA","(33.38, -118.42)"
Permits Supervisor,Catalina Island Conservancy,"Santa Catalina Island, CA","(33.38, -118.42)"
Housekeeper,Catalina Island Medical Center,"Avalon, CA","(33.34, -118.33)"
Food Service Worker,Catalina Island Medical Center,"Avalon, CA","(33.34, -118.33)"
Distribution Journeyman Lineman - Catalina Island [ONSITE],Southern California Edison,"Avalon, CA","(33.34, -118.33)"
Housekeeping Supervisor,Catalina Island Medical Center,"Avalon, CA","(33.34, -118.33)"
Front Desk / Guest Services Agent,Hotel Vista Del Mar,"Avalon, CA","(33.34, -118.33)"
"Plant Equipment Operator, 8695 [ON-SITE]",Southern California Edison,"Avalon, CA","(33.34, -118.33)"
Fitness Center CSR,Catalina Island Medical Center,"Avalon, CA","(33.34, -118.33)"
Housekeeper,Catalina Island Medical Center,"Avalon, CA","(33.34, -118.33)"
Permits Supervisor,Catalina Island Conservancy,"Santa Catalina Island, CA","(33.38, -118.42)"
FedEx Delivery Driver Catalina Island $25/hr,TMV Trucking Inc,"Santa Catalina Island, CA","(33.38, -118.42)"
Permits Supervisor,Catalina Island Conservancy,"Santa Catalina Island, CA","(33.38, -118.42)"
FedEx Delivery Driver Catalina Island $25/hr,TMV Trucking Inc,"Santa Catalina Island, CA","(33.38, -118.42)"
Permits Supervisor,Catalina Island Conservancy,"Santa Catalina Island, CA","(33.38, -118.42)"
Part-time Guest Services Representative,Catalina Island Conservancy,"Santa Catalina Island, CA","(33.38, -118.42)"
Airport Operations Assistant Manager,Catalina Island Conservancy,"Santa Catalina Island, CA","(33.38, -118.42)"
FedEx Delivery Driver Catalina Island $25/hr,TMV Trucking Inc,"Santa Catalina Island, CA","(33.38, -118.42)"
Permits Supervisor,Catalina Island Conservancy,"Santa Catalina Island, CA","(33.38, -118.42)"
Part-time Guest Services Representative,Catalina Island Conservancy,"Santa Catalina Island, CA","(33.38, -118.42)"
Food Service Worker,Catalina Island Medical Center,"Avalon, CA","(33.34, -118.33)"
Front Desk / Guest Services Agent,Hotel Vista Del Mar,"Avalon, CA","(33.34, -118.33)"
"Plant Equipment Operator, 8695 [ON-SITE]",Southern California Edison,"Avalon, CA","(33.34, -118.33)"
Fitness Center CSR,Catalina Island Medical Center,"Avalon, CA","(33.34, -118.33)"
Housekeeper,Catalina Island Medical Center,"Avalon, CA","(33.34, -118.33)"
Front Desk / Guest Services Agent,Hotel Vista Del Mar,"Avalon, CA","(33.34, -118.33)"
Housekeeper,Catalina Island Medical Center,"Avalon, CA","(33.34, -118.33)"
Front Desk / Guest Services Agent,Hotel Vista Del Mar,"Avalon, CA","(33.34, -118.33)"
"Plant Equipment Operator, 8695 [ON-SITE]",Southern California Edison,"Avalon, CA","(33.34, -118.33)"
Fitness Center CSR,Catalina Island Medical Center,"Avalon, CA","(33.34, -118.33)"
FedEx Delivery Driver Catalina Island $25/hr,TMV Trucking Inc,"Santa Catalina Island, CA","(33.38, -118.42)"
FedEx Delivery Driver Catalina Island $25/hr,TMV Trucking Inc,"Santa Catalina Island, CA","(33.38, -118.42)"
Airport Operations Assistant Manager,Catalina Island Conservancy,"Santa Catalina Island, CA","(33.38, -118.42)"
FedEx Delivery Driver Catalina Island $25/hr,TMV Trucking Inc,"Santa Catalina Island, CA","(33.38, -118.42)"
Permits Supervisor,Catalina Island Conservancy,"Santa Catalina Island, CA","(33.38, -118.42)"
Part-time Guest Services Representative,Catalina Island Conservancy,"Santa Catalina Island, CA","(33.38, -118.42)"
Airport Operations Assistant Manager,Catalina Island Conservancy,"Santa Catalina Island, CA","(33.38, -118.42)"
FedEx Delivery Driver Catalina Island $25/hr,TMV Trucking Inc,"Santa Catalina Island, CA","(33.38, -118.42)"
Permits Supervisor,Catalina Island Conservancy,"Santa Catalina Island, CA","(33.38, -118.42)"
FedEx Delivery Driver Catalina Island $25/hr,TMV Trucking Inc,"Santa Catalina Island, CA","(33.38, -118.42)"
Permits Supervisor,Catalina Island Conservancy,"Santa Catalina Island, CA","(33.38, -118.42)"
Part-time Guest Services Representative,Catalina Island Conservancy,"Santa Catalina Island, CA","(33.38, -118.42)"
Front Desk / Guest Services Agent,Hotel Vista Del Mar,"Avalon, CA","(33.34, -118.33)"
"Plant Equipment Operator, 8695 [ON-SITE]",Southern California Edison,"Avalon, CA","(33.34, -118.33)"
Fitness Center CSR,Catalina Island Medical Center,"Avalon, CA","(33.34, -118.33)"
Housekeeper,Catalina Island Medical Center,"Avalon, CA","(33.34, -118.33)"
Front Desk / Guest Services Agent,Hotel Vista Del Mar,"Avalon, CA","(33.34, -118.33)"
"Plant Equipment Operator, 8695 [ON-SITE]",Southern California Edison,"Avalon, CA","(33.34, -118.33)"
Manager,MMW Hospitaly Corp,"Avalon, CA","(33.34, -118.33)"
Fitness Center CSR,Catalina Island Medical Center,"Avalon, CA","(33.34, -118.33)"
Housekeeper,Catalina Island Medical Center,"Avalon, CA","(33.34, -118.33)"
Front Desk / Guest Services Agent,Hotel Vista Del Mar,"Avalon, CA","(33.34, -118.33)"
FedEx Delivery Driver Catalina Island $25/hr,TMV Trucking Inc,"Santa Catalina Island, CA","(33.38, -118.42)"
Permits Supervisor,Catalina Island Conservancy,"Santa Catalina Island, CA","(33.38, -118.42)"
"Plant Equipment Operator, 8695 [ON-SITE]",Southern California Edison,"Avalon, CA","(33.34, -118.33)"
Fitness Center CSR,Catalina Island Medical Center,"Avalon, CA","(33.34, -118.33)"
Housekeeper,Catalina Island Medical Center,"Avalon, CA","(33.34, -118.33)"
Front Desk / Guest Services Agent,Hotel Vista Del Mar,"Avalon, CA","(33.34, -118.33)"
"Plant Equipment Operator, 8695 [ON-SITE]",Southern California Edison,"Avalon, CA","(33.34, -118.33)"
Fitness Center CSR,Catalina Island Medical Center,"Avalon, CA","(33.34, -118.33)"
Front Desk / Guest Services Agent,Hotel Vista Del Mar,"Avalon, CA","(33.34, -118.33)"
"Plant Equipment Operator, 8695 [ON-SITE]",Southern California Edison,"Avalon, CA","(33.34, -118.33)"
Fitness Center CSR,Catalina Island Medical Center,"Avalon, CA","(33.34, -118.33)"
Front Desk / Guest Services Agent,Hotel Vista Del Mar,"Avalon, CA","(33.34, -118.33)"
"Plant Equipment Operator, 8695 [ON-SITE]",Southern California Edison,"Avalon, CA","(33.34, -118.33)"
Fitness Center CSR,Catalina Island Medical Center,"Avalon, CA","(33.34, -118.33)"
Housekeeper,Catalina Island Medical Center,"Avalon, CA","(33.34, -118.33)"
Front Desk / Guest Services Agent,Hotel Vista Del Mar,"Avalon, CA","(33.34, -118.33)"
"Plant Equipment Operator, 8695 [ON-SITE]",Southern California Edison,"Avalon, CA","(33.34, -118.33)"
Fitness Center CSR,Catalina Island Medical Center,"Avalon, CA","(33.34, -118.33)"
Housekeeper,Catalina Island Medical Center,"Avalon, CA","(33.34, -118.33)"
Front Desk / Guest Services Agent,Hotel Vista Del Mar,"Avalon, CA","(33.34, -118.33)"
Part-time Guest Services Representative,Catalina Island Conservancy,"Santa Catalina Island, CA","(33.38, -118.42)"
Operations Analyst,Catalina Island Conservancy,"Santa Catalina Island, CA","(33.38, -118.42)"
Airport Operations Assistant Manager,Catalina Island Conservancy,"Santa Catalina Island, CA","(33.38, -118.42)"
FedEx Delivery Driver Catalina Island $25/hr,TMV Trucking Inc,"Santa Catalina Island, CA","(33.38, -118.42)"
Permits Supervisor,Catalina Island Conservancy,"Santa Catalina Island, CA","(33.38, -118.42)"
FedEx Delivery Driver Catalina Island $25/hr,TMV Trucking Inc,"Santa Catalina Island, CA","(33.38, -118.42)"
Permits Supervisor,Catalina Island Conservancy,"Santa Catalina Island, CA","(33.38, -118.42)"
FedEx Delivery Driver Catalina Island $25/hr,TMV Trucking Inc,"Santa Catalina Island, CA","(33.38, -118.42)"
Permits Supervisor,Catalina Island Conservancy,"Santa Catalina Island, CA","(33.38, -118.42)"
FedEx Delivery Driver Catalina Island $25/hr,TMV Trucking Inc,"Santa Catalina Island, CA","(33.38, -118.42)"
"Plant Equipment Operator, 8695 [ON-SITE]",Southern California Edison,"Avalon, CA","(33.34, -118.33)"
Fitness Center CSR,Catalina Island Medical Center,"Avalon, CA","(33.34, -118.33)"
Front Desk / Guest Services Agent,Hotel Vista Del Mar,"Avalon, CA","(33.34, -118.33)"
"Plant Equipment Operator, 8695 [ON-SITE]",Southern California Edison,"Avalon, CA","(33.34, -118.33)"
"Plant Equipment Operator, 8695 [ON-SITE]",Southern California Edison,"Avalon, CA","(33.34, -118.33)"
Fitness Center CSR,Catalina Island Medical Center,"Avalon, CA","(33.34, -118.33)"
Housekeeper,Catalina Island Medical Center,"Avalon, CA","(33.34, -118.33)"
Permits Supervisor,Catalina Island Conservancy,"Santa Catalina Island, CA","(33.38, -118.42)"
Permits Supervisor,Catalina Island Conservancy,"Santa Catalina Island, CA","(33.38, -118.42)"
FedEx Delivery Driver Catalina Island $25/hr,TMV Trucking Inc,"Santa Catalina Island, CA","(33.38, -118.42)"
Permits Supervisor,Catalina Island Conservancy,"Santa Catalina Island, CA","(33.38, -118.42)"
FedEx Delivery Driver Catalina Island $25/hr,TMV Trucking Inc,"Santa Catalina Island, CA","(33.38, -118.42)"
Front Desk / Guest Services Agent,Hotel Vista Del Mar,"Avalon, CA","(33.34, -118.33)"
"Plant Equipment Operator, 8695 [ON-SITE]",Southern California Edison,"Avalon, CA","(33.34, -118.33)"
Fitness Center CSR,Catalina Island Medical Center,"Avalon, CA","(33.34, -118.33)"
Front Desk / Guest Services Agent,Hotel Vista Del Mar,"Avalon, CA","(33.34, -118.33)"
Permits Supervisor,Catalina Island Conservancy,"Santa Catalina Island, CA","(33.38, -118.42)"
FedEx Delivery Driver Catalina Island $25/hr,TMV Trucking Inc,"Santa Catalina Island, CA","(33.38, -118.42)"
Permits Supervisor,Catalina Island Conservancy,"Santa Catalina Island, CA","(33.38, -118.42)"
FedEx Delivery Driver Catalina Island $25/hr,TMV Trucking Inc,"Santa Catalina Island, CA","(33.38, -118.42)"
Permits Supervisor,Catalina Island Conservancy,"Santa Catalina Island, CA","(33.38, -118.42)"
"Plant Equipment Operator, 8695 [ON-SITE]",Southern California Edison,"Avalon, CA","(33.34, -118.33)"
Fitness Center CSR,Catalina Island Medical Center,"Avalon, CA","(33.34, -118.33)"
Housekeeper,Catalina Island Medical Center,"Avalon, CA","(33.34, -118.33)"
Front Desk / Guest Services Agent,Hotel Vista Del Mar,"Avalon, CA","(33.34, -118.33)"
"Plant Equipment Operator, 8695 [ON-SITE]",Southern California Edison,"Avalon, CA","(33.34, -118.33)"
Fitness Center CSR,Catalina Island Medical Center,"Avalon, CA","(33.34, -118.33)"
Housekeeper,Catalina Island Medical Center,"Avalon, CA","(33.34, -118.33)"
Food Service Worker,Catalina Island Medical Center,"Avalon, CA","(33.34, -118.33)"
Manager,MMW Hospitaly Corp,"Avalon, CA","(33.34, -118.33)"
Full-time Guest Services Representative,Catalina Island Conservancy,"Santa Catalina Island, CA","(33.38, -118.42)"
Airport Operations Assistant Manager,Catalina Island Conservancy,"Santa Catalina Island, CA","(33.38, -118.42)"
FedEx Delivery Driver Catalina Island $25/hr,TMV Trucking Inc,"Santa Catalina Island, CA","(33.38, -118.42)"
Permits Supervisor,Catalina Island Conservancy,"Santa Catalina Island, CA","(33.38, -118.42)"
Part-time Guest Services Representative,Catalina Island Conservancy,"Santa Catalina Island, CA","(33.38, -118.42)"
Airport Operations Assistant Manager,Catalina Island Conservancy,"Santa Catalina Island, CA","(33.38, -118.42)"
FedEx Delivery Driver Catalina Island $25/hr,TMV Trucking Inc,"Santa Catalina Island, CA","(33.38, -118.42)"
FedEx Delivery Driver Catalina Island $25/hr,TMV Trucking Inc,"Santa Catalina Island, CA","(33.38, -118.42)"
"Plant Equipment Operator, 8695 [ON-SITE]",Southern California Edison,"Avalon, CA","(33.34, -118.33)"
Fitness Center CSR,Catalina Island Medical Center,"Avalon, CA","(33.34, -118.33)"
Housekeeper,Catalina Island Medical Center,"Avalon, CA","(33.34, -118.33)"
Food Service Worker,Catalina Island Medical Center,"Avalon, CA","(33.34, -118.33)"
Distribution Journeyman Lineman - Catalina Island [ONSITE],Southern California Edison,"Avalon, CA","(33.34, -118.33)"
Front Desk / Guest Services Agent,Hotel Vista Del Mar,"Avalon, CA","(33.34, -118.33)"
"Plant Equipment Operator, 8695 [ON-SITE]",Southern California Edison,"Avalon, CA","(33.34, -118.33)"
Permits Supervisor,Catalina Island Conservancy,"Santa Catalina Island, CA","(33.38, -118.42)"
FedEx Delivery Driver Catalina Island $25/hr,TMV Trucking Inc,"Santa Catalina Island, CA","(33.38, -118.42)"
Permits Supervisor,Catalina Island Conservancy,"Santa Catalina Island, CA","(33.38, -118.42)"
Permits Supervisor,Catalina Island Conservancy,"Santa Catalina Island, CA","(33.38, -118.42)"
FedEx Delivery Driver Catalina Island $25/hr,TMV Trucking Inc,"Santa Catalina Island, CA","(33.38, -118.42)"
Permits Supervisor,Catalina Island Conservancy,"Santa Catalina Island, CA","(33.38, -118.42)"
FedEx Delivery Driver Catalina Island $25/hr,TMV Trucking Inc,"Santa Catalina Island, CA","(33.38, -118.42)"
Fitness Center CSR,Catalina Island Medical Center,"Avalon, CA","(33.34, -118.33)"
Front Desk / Guest Services Agent,Hotel Vista Del Mar,"Avalon, CA","(33.34, -118.33)"
"Plant Equipment Operator, 8695 [ON-SITE]",Southern California Edison,"Avalon, CA","(33.34, -118.33)"
FedEx Delivery Driver Catalina Island $25/hr,TMV Trucking Inc,"Santa Catalina Island, CA","(33.38, -118.42)"
Permits Supervisor,Catalina Island Conservancy,"Santa Catalina Island, CA","(33.38, -118.42)"
Manager,MMW Hospitaly Corp,"Avalon, CA","(33.34, -118.33)"
Housekeeper,Catalina Island Medical Center,"Avalon, CA","(33.34, -118.33)"
Front Desk / Guest Services Agent,Hotel Vista Del Mar,"Avalon, CA","(33.34, -118.33)"
"Plant Equipment Operator, 8695 [ON-SITE]",Southern California Edison,"Avalon, CA","(33.34, -118.33)"
Permits Supervisor,Catalina Island Conservancy,"Santa Catalina Island, CA","(33.38, -118.42)"
FedEx Delivery Driver Catalina Island $25/hr,TMV Trucking Inc,"Santa Catalina Island, CA","(33.38, -118.42)"
Permits Supervisor,Catalina Island Conservancy,"Santa Catalina Island, CA","(33.38, -118.42)"
FedEx Delivery Driver Catalina Island $25/hr,TMV Trucking Inc,"Santa Catalina Island, CA","(33.38, -118.42)"
Permits Supervisor,Catalina Island Conservancy,"Santa Catalina Island, CA","(33.38, -118.42)"
Housekeeper,Catalina Island Medical Center,"Avalon, CA","(33.34, -118.33)"
Food Service Worker,Catalina Island Medical Center,"Avalon, CA","(33.34, -118.33)"
Front Desk / Guest Services Agent,Hotel Vista Del Mar,"Avalon, CA","(33.34, -118.33)"
"Plant Equipment Operator, 8695 [ON-SITE]",Southern California Edison,"Avalon, CA","(33.34, -118.33)"
Fitness Center CSR,Catalina Island Medical Center,"Avalon, CA","(33.34, -118.33)"
Housekeeper,Catalina Island Medical Center,"Avalon, CA","(33.34, -118.33)"
Front Desk / Guest Services Agent,Hotel Vista Del Mar,"Avalon, CA","(33.34, -118.33)"
"Plant Equipment Operator, 8695 [ON-SITE]",Southern California Edison,"Avalon, CA","(33.34, -118.33)"
Fitness Center CSR,Catalina Island Medical Center,"Avalon, CA","(33.34, -118.33)"
Housekeeper,Catalina Island Medical Center,"Avalon, CA","(33.34, -118.33)"
FedEx Delivery Driver Catalina Island $25/hr,TMV Trucking Inc,"Santa Catalina Island, CA","(33.38, -118.42)"
FedEx Delivery Driver Catalina Island $25/hr,TMV Trucking Inc,"Santa Catalina Island, CA","(33.38, -118.42)"
Permits Supervisor,Catalina Island Conservancy,"Santa Catalina Island, CA","(33.38, -118.42)"
Food Service Worker,Catalina Island Medical Center,"Avalon, CA","(33.34, -118.33)"
Distribution Journeyman Lineman - Catalina Island [ONSITE],Southern California Edison,"Avalon, CA","(33.34, -118.33)"
Front Desk / Guest Services Agent,Hotel Vista Del Mar,"Avalon, CA","(33.34, -118.33)"
Front Desk / Guest Services Agent,Hotel Vista Del Mar,"Avalon, CA","(33.34, -118.33)"
Fitness Center CSR,Catalina Island Medical Center,"Avalon, CA","(33.34, -118.33)"
Housekeeper,Catalina Island Medical Center,"Avalon, CA","(33.34, -118.33)"
Food Service Worker,Catalina Island Medical Center,"Avalon, CA","(33.34, -118.33)"
Distribution Journeyman Lineman - Catalina Island [ONSITE],Southern California Edison,"Avalon, CA","(33.34, -118.33)"
Front Desk / Guest Services Agent,Hotel Vista Del Mar,"Avalon, CA","(33.34, -118.33)"
"Plant Equipment Operator, 8695 [ON-SITE]",Southern California Edison,"Avalon, CA","(33.34, -118.33)"
Fitness Center CSR,Catalina Island Medical Center,"Avalon, CA","(33.34, -118.33)"
Front Desk / Guest Services Agent,Hotel Vista Del Mar,"Avalon, CA","(33.34, -118.33)"
"Plant Equipment Operator, 8695 [ON-SITE]",Southern California Edison,"Avalon, CA","(33.34, -118.33)"
Fitness Center CSR,Catalina Island Medical Center,"Avalon, CA","(33.34, -118.33)"
Housekeeper,Catalina Island Medical Center,"Avalon, CA","(33.34, -118.33)"
Food Service Worker,Catalina Island Medical Center,"Avalon, CA","(33.34, -118.33)"
Distribution Journeyman Lineman - Catalina Island [ONSITE],Southern California Edison,"Avalon, CA","(33.34, -118.33)"
Housekeeping Supervisor,Catalina Island Medical Center,"Avalon, CA","(33.34, -118.33)"
Distribution Journeyman Lineman - Catalina Island [ONSITE],Southern California Edison,"Avalon, CA","(33.34, -118.33)"
Housekeeping Supervisor,Catalina Island Medical Center,"Avalon, CA","(33.34, -118.33)"
Front Desk / Guest Services Agent,Hotel Vista Del Mar,"Avalon, CA","(33.34, -118.33)"
"Plant Equipment Operator, 8695 [ON-SITE]",Southern California Edison,"Avalon, CA","(33.34, -118.33)"
Fitness Center CSR,Catalina Island Medical Center,"Avalon, CA","(33.34, -118.33)"
FedEx Delivery Driver Catalina Island $25/hr,TMV Trucking Inc,"Santa Catalina Island, CA","(33.38, -118.42)"
Permits Supervisor,Catalina Island Conservancy,"Santa Catalina Island, CA","(33.38, -118.42)"
FedEx Delivery Driver Catalina Island $25/hr,TMV Trucking Inc,"Santa Catalina Island, CA","(33.38, -118.42)"
Permits Supervisor,Catalina Island Conservancy,"Santa Catalina Island, CA","(33.38, -118.42)"
Housekeeper,Catalina Island Medical Center,"Avalon, CA","(33.34, -118.33)"
Front Desk / Guest Services Agent,Hotel Vista Del Mar,"Avalon, CA","(33.34, -118.33)"
"Plant Equipment Operator, 8695 [ON-SITE]",Southern California Edison,"Avalon, CA","(33.34, -118.33)"
Fitness Center CSR,Catalina Island Medical Center,"Avalon, CA","(33.34, -118.33)"
Front Desk / Guest Services Agent,Hotel Vista Del Mar,"Avalon, CA","(33.34, -118.33)"
"Plant Equipment Operator, 8695 [ON-SITE]",Southern California Edison,"Avalon, CA","(33.34, -118.33)"
FedEx Delivery Driver Catalina Island $25/hr,TMV Trucking Inc,"Santa Catalina Island, CA","(33.38, -118.42)"
Permits Supervisor,Catalina Island Conservancy,"Santa Catalina Island, CA","(33.38, -118.42)"
FedEx Delivery Driver Catalina Island $25/hr,TMV Trucking Inc,"Santa Catalina Island, CA","(33.38, -118.42)"
Permits Supervisor,Catalina Island Conservancy,"Santa Catalina Island, CA","(33.38, -118.42)"
FedEx Delivery Driver Catalina Island $25/hr,TMV Trucking Inc,"Santa Catalina Island, CA","(33.38, -118.42)"
Permits Supervisor,Catalina Island Conservancy,"Santa Catalina Island, CA","(33.38, -118.42)"
Fitness Center CSR,Catalina Island Medical Center,"Avalon, CA","(33.34, -118.33)"
Housekeeper,Catalina Island Medical Center,"Avalon, CA","(33.34, -118.33)"
Food Service Worker,Catalina Island Medical Center,"Avalon, CA","(33.34, -118.33)"
Distribution Journeyman Lineman - Catalina Island [ONSITE],Southern California Edison,"Avalon, CA","(33.34, -118.33)"
Housekeeping Supervisor,Catalina Island Medical Center,"Avalon, CA","(33.34, -118.33)"
Front Desk / Guest Services Agent,Hotel Vista Del Mar,"Avalon, CA","(33.34, -118.33)"
Housekeeper,Catalina Island Medical Center,"Avalon, CA","(33.34, -118.33)"
Front Desk / Guest Services Agent,Hotel Vista Del Mar,"Avalon, CA","(33.34, -118.33)"
"Plant Equipment Operator, 8695 [ON-SITE]",Southern California Edison,"Avalon, CA","(33.34, -118.33)"
Fitness Center CSR,Catalina Island Medical Center,"Avalon, CA","(33.34, -118.33)"
Housekeeper,Catalina Island Medical Center,"Avalon, CA","(33.34, -118.33)"
Front Desk / Guest Services Agent,Hotel Vista Del Mar,"Avalon, CA","(33.34, -118.33)"
"Plant Equipment Operator, 8695 [ON-SITE]",Southern California Edison,"Avalon, CA","(33.34, -118.33)"
Fitness Center CSR,Catalina Island Medical Center,"Avalon, CA","(33.34, -118.33)"
Housekeeper,Catalina Island Medical Center,"Avalon, CA","(33.34, -118.33)"
Food Service Worker,Catalina Island Medical Center,"Avalon, CA","(33.34, -118.33)"
Distribution Journeyman Lineman - Catalina Island [ONSITE],Southern California Edison,"Avalon, CA","(33.34, -118.33)"
Housekeeping Supervisor,Catalina Island Medical Center,"Avalon, CA","(33.34, -118.33)"
Front Desk / Guest Services Agent,Hotel Vista Del Mar,"Avalon, CA","(33.34, -118.33)"
"Plant Equipment Operator, 8695 [ON-SITE]",Southern California Edison,"Avalon, CA","(33.34, -118.33)"
Fitness Center CSR,Catalina Island Medical Center,"Avalon, CA","(33.34, -118.33)"
Manager,MMW Hospitaly Corp,"Avalon, CA","(33.34, -118.33)"
Housekeeper,Catalina Island Medical Center,"Avalon, CA","(33.34, -118.33)"
Front Desk / Guest Services Agent,Hotel Vista Del Mar,"Avalon, CA","(33.34, -118.33)"
"Plant Equipment Operator, 8695 [ON-SITE]",Southern California Edison,"Avalon, CA","(33.34, -118.33)"
Fitness Center CSR,Catalina Island Medical Center,"Avalon, CA","(33.34, -118.33)"
Front Desk / Guest Services Agent,Hotel Vista Del Mar,"Avalon, CA","(33.34, -118.33)"
Visitor Service Center Agent,Catalina Island Company,"Two Harbors, CA","(33.44, -118.50)"
FedEx Delivery Driver Catalina Island $25/hr,TMV Trucking Inc,"Santa Catalina Island, CA","(33.38, -118.42)"
Permits Supervisor,Catalina Island Conservancy,"Santa Catalina Island, CA","(33.38, -118.42)"
Part-time Guest Services Representative,Catalina Island Conservancy,"Santa Catalina Island, CA","(33.38, -118.42)"
Airport Operations Assistant Manager,Catalina Island Conservancy,"Santa Catalina Island, CA","(33.38, -118.42)"
Operations Analyst,Catalina Island Conservancy,"Santa Catalina Island, CA","(33.38, -118.42)"
FedEx Delivery Driver Catalina Island $25/hr,TMV Trucking Inc,"Santa Catalina Island, CA","(33.38, -118.42)"
Permits Supervisor,Catalina Island Conservancy,"Santa Catalina Island, CA","(33.38, -118.42)"
"Plant Equipment Operator, 8695 [ON-SITE]",Southern California Edison,"Avalon, CA","(33.34, -118.33)"
Fitness Center CSR,Catalina Island Medical Center,"Avalon, CA","(33.34, -118.33)"
Front Desk / Guest Services Agent,Hotel Vista Del Mar,"Avalon, CA","(33.34, -118.33)"
Manager,MMW Hospitaly Corp,"Avalon, CA","(33.34, -118.33)"
Housekeeper,Catalina Island Medical Center,"Avalon, CA","(33.34, -118.33)"
Fitness Center CSR,Catalina Island Medical Center,"Avalon, CA","(33.34, -118.33)"
Food Service Worker,Catalina Island Medical Center,"Avalon, CA","(33.34, -118.33)"
Front Desk / Guest Services Agent,Hotel Vista Del Mar,"Avalon, CA","(33.34, -118.33)"
"Plant Equipment Operator, 8695 [ON-SITE]",Southern California Edison,"Avalon, CA","(33.34, -118.33)"
Fitness Center CSR,Catalina Island Medical Center,"Avalon, CA","(33.34, -118.33)"
Permits Supervisor,Catalina Island Conservancy,"Santa Catalina Island, CA","(33.38, -118.42)"
FedEx Delivery Driver Catalina Island $25/hr,TMV Trucking Inc,"Santa Catalina Island, CA","(33.38, -118.42)"
Permits Supervisor,Catalina Island Conservancy,"Santa Catalina Island, CA","(33.38, -118.42)"
Part-time Guest Services Representative,Catalina Island Conservancy,"Santa Catalina Island, CA","(33.38, -118.42)"
Airport Operations Assistant Manager,Catalina Island Conservancy,"Santa Catalina Island, CA","(33.38, -118.42)"
Housekeeper,Catalina Island Medical Center,"Avalon, CA","(33.34, -118.33)"
Front Desk / Guest Services Agent,Hotel Vista Del Mar,"Avalon, CA","(33.34, -118.33)"
"Plant Equipment Operator, 8695 [ON-SITE]",Southern California Edison,"Avalon, CA","(33.34, -118.33)"
Fitness Center CSR,Catalina Island Medical Center,"Avalon, CA","(33.34, -118.33)"
Housekeeper,Catalina Island Medical Center,"Avalon, CA","(33.34, -118.33)"
Front Desk / Guest Services Agent,Hotel Vista Del Mar,"Avalon, CA","(33.34, -118.33)"
"Plant Equipment Operator, 8695 [ON-SITE]",Southern California Edison,"Avalon, CA","(33.34, -118.33)"
Fitness Center CSR,Catalina Island Medical Center,"Avalon, CA","(33.34, -118.33)"
Housekeeper,Catalina Island Medical Center,"Avalon, CA","(33.34, -118.33)"
Food Service Worker,Catalina Island Medical Center,"Avalon, CA","(33.34, -118.33)"
Distribution Journeyman Lineman - Catalina Island [ONSITE],Southern California Edison,"Avalon, CA","(33.34, -118.33)"
"Plant Equipment Operator, 8695 [ON-SITE]",Southern California Edison,"Avalon, CA","(33.34, -118.33)"
Fitness Center CSR,Catalina Island Medical Center,"Avalon, CA","(33.34, -118.33)"
Housekeeper,Catalina Island Medical Center,"Avalon, CA","(33.34, -118.33)"
Front Desk / Guest Services Agent,Hotel Vista Del Mar,"Avalon, CA","(33.34, -118.33)"
"Plant Equipment Operator, 8695 [ON-SITE]",Southern California Edison,"Avalon, CA","(33.34, -118.33)"
Front Desk / Guest Services Agent,Hotel Vista Del Mar,"Avalon, CA","(33.34, -118.33)"
"Plant Equipment Operator, 8695 [ON-SITE]",Southern California Edison,"Avalon, CA","(33.34, -118.33)"
Fitness Center CSR,Catalina Island Medical Center,"Avalon, CA","(33.34, -118.33)"
Manager,MMW Hospitaly Corp,"Avalon, CA","(33.34, -118.33)"
"Plant Equipment Operator, 8695 [ON-SITE]",Southern California Edison,"Avalon, CA","(33.34, -118.33)"
Fitness Center CSR,Catalina Island Medical Center,"Avalon, CA","(33.34, -118.33)"
Housekeeper,Catalina Island Medical Center,"Avalon, CA","(33.34, -118.33)"
Limpia de casa,Catalina Island Medical Center,"Avalon, CA","(33.34, -118.33)"
FedEx Delivery Driver Catalina Island $25/hr,TMV Trucking Inc,"Santa Catalina Island, CA","(33.38, -118.42)"
Permits Supervisor,Catalina Island Conservancy,"Santa Catalina Island, CA","(33.38, -118.42)"
FedEx Delivery Driver Catalina Island $25/hr,TMV Trucking Inc,"Santa Catalina Island, CA","(33.38, -118.42)"
Permits Supervisor,Catalina Island Conservancy,"Santa Catalina Island, CA","(33.38, -118.42)"
Part-time Guest Services Representative,Catalina Island Conservancy,"Santa Catalina Island, CA","(33.38, -118.42)"
Airport Operations Assistant Manager,Catalina Island Conservancy,"Santa Catalina Island, CA","(33.38, -118.42)"
FedEx Delivery Driver Catalina Island $25/hr,TMV Trucking Inc,"Santa Catalina Island, CA","(33.38, -118.42)"
Permits Supervisor,Catalina Island Conservancy,"Santa Catalina Island, CA","(33.38, -118.42)"
Part-time Guest Services Representative,Catalina Island Conservancy,"Santa Catalina Island, CA","(33.38, -118.42)"
Airport Operations Assistant Manager,Catalina Island Conservancy,"Santa Catalina Island, CA","(33.38, -118.42)"
FedEx Delivery Driver Catalina Island $25/hr,TMV Trucking Inc,"Santa Catalina Island, CA","(33.38, -118.42)"
Permits Supervisor,Catalina Island Conservancy,"Santa Catalina Island, CA","(33.38, -118.42)"
Part-time Guest Services Representative,Catalina Island Conservancy,"Santa Catalina Island, CA","(33.38, -118.42)"
Airport Operations Assistant Manager,Catalina Island Conservancy,"Santa Catalina Island, CA","(33.38, -118.42)"
FedEx Delivery Driver Catalina Island $25/hr,TMV Trucking Inc,"Santa Catalina Island, CA","(33.38, -118.42)"
Permits Supervisor,Catalina Island Conservancy,"Santa Catalina Island, CA","(33.38, -118.42)"
FedEx Delivery Driver Catalina Island $25/hr,TMV Trucking Inc,"Santa Catalina Island, CA","(33.38, -118.42)"
Limpia de casa,Catalina Island Medical Center,"Avalon, CA","(33.34, -118.33)"
Limpia de casa,Catalina Island Medical Center,"Avalon, CA","(33.34, -118.33)"
Limpia de casa,Catalina Island Medical Center,"Avalon, CA","(33.34, -118.33)"
Limpia de casa,Catalina Island Medical Center,"Avalon, CA","(33.34, -118.33)"
Limpia de casa,Catalina Island Medical Center,"Avalon, CA","(33.34, -118.33)"
Limpia de casa,Catalina Island Medical Center,"Avalon, CA","(33.34, -118.33)"
Limpia de casa,Catalina Island Medical Center,"Avalon, CA","(33.34, -118.33)"
Limpia de casa,Catalina Island Medical Center,"Avalon, CA","(33.34, -118.33)"
Limpia de casa,Catalina Island Medical Center,"Avalon, CA","(33.34, -118.33)"
Limpia de casa,Catalina Island Medical Center,"Avalon, CA","(33.34, -118.33)"
Limpia de casa,Catalina Island Medical Center,"Avalon, CA","(33.34, -118.33)"
Manager,MMW Hospitaly Corp,"Avalon, CA","(33.34, -118.33)"
Game Host for Unique Sightseeing Tour,Fantastic Race,"Avalon, CA","(33.34, -118.33)"
Game Host for Unique Sightseeing Tour,Fantastic Race,"Avalon, CA","(33.34, -118.33)"
Game Host for Unique Sightseeing Tour,Fantastic Race,"Avalon, CA","(33.34, -118.33)"
Game Host for Unique Sightseeing Tour,Fantastic Race,"Avalon, CA","(33.34, -118.33)"
Game Host for Unique Sightseeing Tour,Fantastic Race,"Avalon, CA","(33.34, -118.33)"
Game Host for Unique Sightseeing Tour,Fantastic Race,"Avalon, CA","(33.34, -118.33)"
Game Host for Unique Sightseeing Tour,Fantastic Race,"Avalon, CA","(33.34, -118.33)"
Game Host for Unique Sightseeing Tour,Fantastic Race,"Avalon, CA","(33.34, -118.33)"
Game Host for Unique Sightseeing Tour,Fantastic Race,"Avalon, CA","(33.34, -118.33)"
Game Host for Unique Sightseeing Tour,Fantastic Race,"Avalon, CA","(33.34, -118.33)"
Game Host for Unique Sightseeing Tour,Fantastic Race,"Avalon, CA","(33.34, -118.33)"
Permits Supervisor,Catalina Island Conservancy,"Santa Catalina Island, CA","(33.38, -118.42)"
FedEx Delivery Driver Catalina Island $25/hr,TMV Trucking Inc,"Santa Catalina Island, CA","(33.38, -118.42)"
Permits Supervisor,Catalina Island Conservancy,"Santa Catalina Island, CA","(33.38, -118.42)"
Part-time Guest Services Representative,Catalina Island Conservancy,"Santa Catalina Island, CA","(33.38, -118.42)"
Airport Operations Assistant Manager,Catalina Island Conservancy,"Santa Catalina Island, CA","(33.38, -118.42)"
FedEx Delivery Driver Catalina Island $25/hr,TMV Trucking Inc,"Santa Catalina Island, CA","(33.38, -118.42)"
Game Host for Unique Sightseeing Tour,Fantastic Race,"Avalon, CA","(33.34, -118.33)"
Game Host for Unique Sightseeing Tour,Fantastic Race,"Avalon, CA","(33.34, -118.33)"
Game Host for Unique Sightseeing Tour,Fantastic Race,"Avalon, CA","(33.34, -118.33)"
Visitor Service Center Agent,Catalina Island Company,"Two Harbors, CA","(33.44, -118.50)"
Game Host for Unique Sightseeing Tour,Fantastic Race,"Avalon, CA","(33.34, -118.33)"
Game Host for Unique Sightseeing Tour,Fantastic Race,"Avalon, CA","(33.34, -118.33)"
FedEx Delivery Driver Catalina Island $25/hr,TMV Trucking Inc,"Santa Catalina Island, CA","(33.38, -118.42)"
Permits Supervisor,Catalina Island Conservancy,"Santa Catalina Island, CA","(33.38, -118.42)"
Game Host for Unique Sightseeing Tour,Fantastic Race,"Avalon, CA","(33.34, -118.33)"
Game Host for Unique Sightseeing Tour,Fantastic Race,"Avalon, CA","(33.34, -118.33)"
Game Host for Unique Sightseeing Tour,Fantastic Race,"Avalon, CA","(33.34, -118.33)"
Game Host for Unique Sightseeing Tour,Fantastic Race,"Avalon, CA","(33.34, -118.33)"
Game Host for Unique Sightseeing Tour,Fantastic Race,"Avalon, CA","(33.34, -118.33)"
Game Host for Unique Sightseeing Tour,Fantastic Race,"Avalon, CA","(33.34, -118.33)"
Game Host for Unique Sightseeing Tour,Fantastic Race,"Avalon, CA","(33.34, -118.33)"
Game Host for Unique Sightseeing Tour,Fantastic Race,"Avalon, CA","(33.34, -118.33)"
Game Host for Unique Sightseeing Tour,Fantastic Race,"Avalon, CA","(33.34, -118.33)"
Game Host for Unique Sightseeing Tour,Fantastic Race,"Avalon, CA","(33.34, -118.33)"
Game Host for Unique Sightseeing Tour,Fantastic Race,"Avalon, CA","(33.34, -118.33)"
Game Host for Unique Sightseeing Tour,Fantastic Race,"Avalon, CA","(33.34, -118.33)"
Game Host for Unique Sightseeing Tour,Fantastic Race,"Avalon, CA","(33.34, -118.33)"
Game Host for Unique Sightseeing Tour,Fantastic Race,"Avalon, CA","(33.34, -118.33)"
Game Host for Unique Sightseeing Tour,Fantastic Race,"Avalon, CA","(33.34, -118.33)"
Game Host for Unique Sightseeing Tour,Fantastic Race,"Avalon, CA","(33.34, -118.33)"
Game Host for Unique Sightseeing Tour,Fantastic Race,"Avalon, CA","(33.34, -118.33)"
Manager,MMW Hospitaly Corp,"Avalon, CA","(33.34, -118.33)"
Game Host for Unique Sightseeing Tour,Fantastic Race,"Avalon, CA","(33.34, -118.33)"
Game Host for Unique Sightseeing Tour,Fantastic Race,"Avalon, CA","(33.34, -118.33)"
Game Host for Unique Sightseeing Tour,Fantastic Race,"Avalon, CA","(33.34, -118.33)"
Game Host for Unique Sightseeing Tour,Fantastic Race,"Avalon, CA","(33.34, -118.33)"
Permits Supervisor,Catalina Island Conservancy,"Santa Catalina Island, CA","(33.38, -118.42)"
FedEx Delivery Driver Catalina Island $25/hr,TMV Trucking Inc,"Santa Catalina Island, CA","(33.38, -118.42)"
Permits Supervisor,Catalina Island Conservancy,"Santa Catalina Island, CA","(33.38, -118.42)"
FedEx Delivery Driver Catalina Island $25/hr,TMV Trucking Inc,"Santa Catalina Island, CA","(33.38, -118.42)"
Permits Supervisor,Catalina Island Conservancy,"Santa Catalina Island, CA","(33.38, -118.42)"
Game Host for Unique Sightseeing Tour,Fantastic Race,"Avalon, CA","(33.34, -118.33)"
Game Host for Unique Sightseeing Tour,Fantastic Race,"Avalon, CA","(33.34, -118.33)"
Game Host for Unique Sightseeing Tour,Fantastic Race,"Avalon, CA","(33.34, -118.33)"
Game Host for Unique Sightseeing Tour,Fantastic Race,"Avalon, CA","(33.34, -118.33)"
Game Host for Unique Sightseeing Tour,Fantastic Race,"Avalon, CA","(33.34, -118.33)"
Game Host for Unique Sightseeing Tour,Fantastic Race,"Avalon, CA","(33.34, -118.33)"
Game Host for Unique Sightseeing Tour,Fantastic Race,"Avalon, CA","(33.34, -118.33)"
Game Host for Unique Sightseeing Tour,Fantastic Race,"Avalon, CA","(33.34, -118.33)"
Game Host for Unique Sightseeing Tour,Fantastic Race,"Avalon, CA","(33.34, -118.33)"
Game Host for Unique Sightseeing Tour,Fantastic Race,"Avalon, CA","(33.34, -118.33)"
Game Host for Unique Sightseeing Tour,Fantastic Race,"Avalon, CA","(33.34, -118.33)"
Visitor Service Center Agent,Catalina Island Company,"Two Harbors, CA","(33.44, -118.50)"
Game Host for Unique Sightseeing Tour,Fantastic Race,"Avalon, CA","(33.34, -118.33)"
Game Host for Unique Sightseeing Tour,Fantastic Race,"Avalon, CA","(33.34, -118.33)"
Game Host for Unique Sightseeing Tour,Fantastic Race,"Avalon, CA","(33.34, -118.33)"
Game Host for Unique Sightseeing Tour,Fantastic Race,"Avalon, CA","(33.34, -118.33)"
Game Host for Unique Sightseeing Tour,Fantastic Race,"Avalon, CA","(33.34, -118.33)"
Permits Supervisor,Catalina Island Conservancy,"Santa Catalina Island, CA","(33.38, -118.42)"
FedEx Delivery Driver Catalina Island $25/hr,TMV Trucking Inc,"Santa Catalina Island, CA","(33.38, -118.42)"
Permits Supervisor,Catalina Island Conservancy,"Santa Catalina Island, CA","(33.38, -118.42)"
FedEx Delivery Driver Catalina Island $25/hr,TMV Trucking Inc,"Santa Catalina Island, CA","(33.38, -118.42)"
Permits Supervisor,Catalina Island Conservancy,"Santa Catalina Island, CA","(33.38, -118.42)"
Game Host for Unique Sightseeing Tour,Fantastic Race,"Avalon, CA","(33.34, -118.33)"
Game Host for Unique Sightseeing Tour,Fantastic Race,"Avalon, CA","(33.34, -118.33)"
Game Host for Unique Sightseeing Tour,Fantastic Race,"Avalon, CA","(33.34, -118.33)"
Game Host for Unique Sightseeing Tour,Fantastic Race,"Avalon, CA","(33.34, -118.33)"
Game Host for Unique Sightseeing Tour,Fantastic Race,"Avalon, CA","(33.34, -118.33)"
Game Host for Unique Sightseeing Tour,Fantastic Race,"Avalon, CA","(33.34, -118.33)"
Game Host for Unique Sightseeing Tour,Fantastic Race,"Avalon, CA","(33.34, -118.33)"
Game Host for Unique Sightseeing Tour,Fantastic Race,"Avalon, CA","(33.34, -118.33)"
Game Host for Unique Sightseeing Tour,Fantastic Race,"Avalon, CA","(33.34, -118.33)"
Game Host for Unique Sightseeing Tour,Fantastic Race,"Avalon, CA","(33.34, -118.33)"
Game Host for Unique Sightseeing Tour,Fantastic Race,"Avalon, CA","(33.34, -118.33)"
Game Host for Unique Sightseeing Tour,Fantastic Race,"Avalon, CA","(33.34, -118.33)"
Game Host for Unique Sightseeing Tour,Fantastic Race,"Avalon, CA","(33.34, -118.33)"
Game Host for Unique Sightseeing Tour,Fantastic Race,"Avalon, CA","(33.34, -118.33)"
Game Host for Unique Sightseeing Tour,Fantastic Race,"Avalon, CA","(33.34, -118.33)"
Game Host for Unique Sightseeing Tour,Fantastic Race,"Avalon, CA","(33.34, -118.33)"
Game Host for Unique Sightseeing Tour,Fantastic Race,"Avalon, CA","(33.34, -118.33)"
Game Host for Unique Sightseeing Tour,Fantastic Race,"Avalon, CA","(33.34, -118.33)"
Game Host for Unique Sightseeing Tour,Fantastic Race,"Avalon, CA","(33.34, -118.33)"
Game Host for Unique Sightseeing Tour,Fantastic Race,"Avalon, CA","(33.34, -118.33)"
Game Host for Unique Sightseeing Tour,Fantastic Race,"Avalon, CA","(33.34, -118.33)"
Game Host for Unique Sightseeing Tour,Fantastic Race,"Avalon, CA","(33.34, -118.33)"
Game Host for Unique Sightseeing Tour,Fantastic Race,"Avalon, CA","(33.34, -118.33)"
Game Host for Unique Sightseeing Tour,Fantastic Race,"Avalon, CA","(33.34, -118.33)"
Game Host for Unique Sightseeing Tour,Fantastic Race,"Avalon, CA","(33.34, -118.33)"
Manager,MMW Hospitaly Corp,"Avalon, CA","(33.34, -118.33)"
FedEx Delivery Driver Catalina Island $25/hr,TMV Trucking Inc,"Santa Catalina Island, CA","(33.38, -118.42)"
Permits Supervisor,Catalina Island Conservancy,"Santa Catalina Island, CA","(33.38, -118.42)"
FedEx Delivery Driver Catalina Island $25/hr,TMV Trucking Inc,"Santa Catalina Island, CA","(33.38, -118.42)"
Permits Supervisor,Catalina Island Conservancy,"Santa Catalina Island, CA","(33.38, -118.42)"
Part-time Guest Services Representative,Catalina Island Conservancy,"Santa Catalina Island, CA","(33.38, -118.42)"
FedEx Delivery Driver Catalina Island $25/hr,TMV Trucking Inc,"Santa Catalina Island, CA","(33.38, -118.42)"
Permits Supervisor,Catalina Island Conservancy,"Santa Catalina Island, CA","(33.38, -118.42)"
Manager,MMW Hospitaly Corp,"Avalon, CA","(33.34, -118.33)"
Manager,MMW Hospitaly Corp,"Avalon, CA","(33.34, -118.33)"
Manager,MMW Hospitaly Corp,"Avalon, CA","(33.34, -118.33)"
Manager,MMW Hospitaly Corp,"Avalon, CA","(33.34, -118.33)"
Manager,MMW Hospitaly Corp,"Avalon, CA","(33.34, -118.33)"
Manager,MMW Hospitaly Corp,"Avalon, CA","(33.34, -118.33)"
Manager,MMW Hospitaly Corp,"Avalon, CA","(33.34, -118.33)"
Manager,MMW Hospitaly Corp,"Avalon, CA","(33.34, -118.33)"
Manager,MMW Hospitaly Corp,"Avalon, CA","(33.34, -118.33)"
Manager,MMW Hospitaly Corp,"Avalon, CA","(33.34, -118.33)"
Manager,MMW Hospitaly Corp,"Avalon, CA","(33.34, -118.33)"
Manager,MMW Hospitaly Corp,"Avalon, CA","(33.34, -118.33)"
Manager,MMW Hospitaly Corp,"Avalon, CA","(33.34, -118.33)"
Manager,MMW Hospitaly Corp,"Avalon, CA","(33.34, -118.33)"
Manager,MMW Hospitaly Corp,"Avalon, CA","(33.34, -118.33)"
Manager,MMW Hospitaly Corp,"Avalon, CA","(33.34, -118.33)"
Manager,MMW Hospitaly Corp,"Avalon, CA","(33.34, -118.33)"
Manager,MMW Hospitaly Corp,"Avalon, CA","(33.34, -118.33)"
FedEx Delivery Driver Catalina Island $25/hr,TMV Trucking Inc,"Santa Catalina Island, CA","(33.38, -118.42)"
Permits Supervisor,Catalina Island Conservancy,"Santa Catalina Island, CA","(33.38, -118.42)"
FedEx Delivery Driver Catalina Island $25/hr,TMV Trucking Inc,"Santa Catalina Island, CA","(33.38, -118.42)"
Permits Supervisor,Catalina Island Conservancy,"Santa Catalina Island, CA","(33.38, -118.42)"
Part-time Guest Services Representative,Catalina Island Conservancy,"Santa Catalina Island, CA","(33.38, -118.42)"
Airport Operations Assistant Manager,Catalina Island Conservancy,"Santa Catalina Island, CA","(33.38, -118.42)"
Manager,MMW Hospitaly Corp,"Avalon, CA","(33.34, -118.33)"
Manager,MMW Hospitaly Corp,"Avalon, CA","(33.34, -118.33)"
Manager,MMW Hospitaly Corp,"Avalon, CA","(33.34, -118.33)"
Manager,MMW Hospitaly Corp,"Avalon, CA","(33.34, -118.33)"
Manager,MMW Hospitaly Corp,"Avalon, CA","(33.34, -118.33)"
Manager,MMW Hospitaly Corp,"Avalon, CA","(33.34, -118.33)"
Manager,MMW Hospitaly Corp,"Avalon, CA","(33.34, -118.33)"
Manager,MMW Hospitaly Corp,"Avalon, CA","(33.34, -118.33)"
Manager,MMW Hospitaly Corp,"Avalon, CA","(33.34, -118.33)"
Manager,MMW Hospitaly Corp,"Avalon, CA","(33.34, -118.33)"
FedEx Delivery Driver Catalina Island $25/hr,TMV Trucking Inc,"Santa Catalina Island, CA","(33.38, -118.42)"
Permits Supervisor,Catalina Island Conservancy,"Santa Catalina Island, CA","(33.38, -118.42)"
FedEx Delivery Driver Catalina Island $25/hr,TMV Trucking Inc,"Santa Catalina Island, CA","(33.38, -118.42)"
Permits Supervisor,Catalina Island Conservancy,"Santa Catalina Island, CA","(33.38, -118.42)"
FedEx Delivery Driver Catalina Island $25/hr,TMV Trucking Inc,"Santa Catalina Island, CA","(33.38, -118.42)"
Permits Supervisor,Catalina Island Conservancy,"Santa Catalina Island, CA","(33.38, -118.42)"
Manager,MMW Hospitaly Corp,"Avalon, CA","(33.34, -118.33)"
Manager,MMW Hospitaly Corp,"Avalon, CA","(33.34, -118.33)"
Manager,MMW Hospitaly Corp,"Avalon, CA","(33.34, -118.33)"
Manager,MMW Hospitaly Corp,"Avalon, CA","(33.34, -118.33)"
Manager,MMW Hospitaly Corp,"Avalon, CA","(33.34, -118.33)"
Manager,MMW Hospitaly Corp,"Avalon, CA","(33.34, -118.33)"
Manager,MMW Hospitaly Corp,"Avalon, CA","(33.34, -118.33)"
Manager,MMW Hospitaly Corp,"Avalon, CA","(33.34, -118.33)"
Visitor Service Center Agent,Catalina Island Company,"Two Harbors, CA","(33.44, -118.50)"
Visitor Service Center Agent,Catalina Island Company,"Two Harbors, CA","(33.44, -118.50)"
Visitor Service Center Agent,Catalina Island Company,"Two Harbors, CA","(33.44, -118.50)"
Visitor Service Center Agent,Catalina Island Company,"Two Harbors, CA","(33.44, -118.50)"
Visitor Service Center Agent,Catalina Island Company,"Two Harbors, CA","(33.44, -118.50)"
Visitor Service Center Agent,Catalina Island Company,"Two Harbors, CA","(33.44, -118.50)"
Visitor Service Center Agent,Catalina Island Company,"Two Harbors, CA","(33.44, -118.50)"
Manager,MMW Hospitaly Corp,"Avalon, CA","(33.34, -118.33)"
Visitor Service Center Agent,Catalina Island Company,"Two Harbors, CA","(33.44, -118.50)"
Visitor Service Center Agent,Catalina Island Company,"Two Harbors, CA","(33.44, -118.50)"
Visitor Service Center Agent,Catalina Island Company,"Two Harbors, CA","(33.44, -118.50)"
Visitor Service Center Agent,Catalina Island Company,"Two Harbors, CA","(33.44, -118.50)"
Visitor Service Center Agent,Catalina Island Company,"Two Harbors, CA","(33.44, -118.50)"
Visitor Service Center Agent,Catalina Island Company,"Two Harbors, CA","(33.44, -118.50)"
Visitor Service Center Agent,Catalina Island Company,"Two Harbors, CA","(33.44, -118.50)"
Visitor Service Center Agent,Catalina Island Company,"Two Harbors, CA","(33.44, -118.50)"
Visitor Service Center Agent,Catalina Island Company,"Two Harbors, CA","(33.44, -118.50)"
Visitor Service Center Agent,Catalina Island Company,"Two Harbors, CA","(33.44, -118.50)"
Visitor Service Center Agent,Catalina Island Company,"Two Harbors, CA","(33.44, -118.50)"
FedEx Delivery Driver Catalina Island $25/hr,TMV Trucking Inc,"Santa Catalina Island, CA","(33.38, -118.42)"
Permits Supervisor,Catalina Island Conservancy,"Santa Catalina Island, CA","(33.38, -118.42)"
FedEx Delivery Driver Catalina Island $25/hr,TMV Trucking Inc,"Santa Catalina Island, CA","(33.38, -118.42)"
Permits Supervisor,Catalina Island Conservancy,"Santa Catalina Island, CA","(33.38, -118.42)"
Part-time Guest Services Representative,Catalina Island Conservancy,"Santa Catalina Island, CA","(33.38, -118.42)"
Airport Operations Assistant Manager,Catalina Island Conservancy,"Santa Catalina Island, CA","(33.38, -118.42)"
Visitor Service Center Agent,Catalina Island Company,"Two Harbors, CA","(33.44, -118.50)"
Visitor Service Center Agent,Catalina Island Company,"Two Harbors, CA","(33.44, -118.50)"
Visitor Service Center Agent,Catalina Island Company,"Two Harbors, CA","(33.44, -118.50)"
Visitor Service Center Agent,Catalina Island Company,"Two Harbors, CA","(33.44, -118.50)"
Front Desk / Guest Services Agent,Hotel Vista Del Mar,"Avalon, CA","(33.34, -118.33)"
"Plant Equipment Operator, 8695 [ON-SITE]",Southern California Edison,"Avalon, CA","(33.34, -118.33)"
FedEx Delivery Driver Catalina Island $25/hr,TMV Trucking Inc,"Santa Catalina Island, CA","(33.38, -118.42)"
Permits Supervisor,Catalina Island Conservancy,"Santa Catalina Island, CA","(33.38, -118.42)"
Fitness Center CSR,Catalina Island Medical Center,"Avalon, CA","(33.34, -118.33)"
Housekeeper,Catalina Island Medical Center,"Avalon, CA","(33.34, -118.33)"
Front Desk / Guest Services Agent,Hotel Vista Del Mar,"Avalon, CA","(33.34, -118.33)"
"Plant Equipment Operator, 8695 [ON-SITE]",Southern California Edison,"Avalon, CA","(33.34, -118.33)"
Fitness Center CSR,Catalina Island Medical Center,"Avalon, CA","(33.34, -118.33)"
Housekeeper,Catalina Island Medical Center,"Avalon, CA","(33.34, -118.33)"
Front Desk / Guest Services Agent,Hotel Vista Del Mar,"Avalon, CA","(33.34, -118.33)"
"Plant Equipment Operator, 8695 [ON-SITE]",Southern California Edison,"Avalon, CA","(33.34, -118.33)"
Fitness Center CSR,Catalina Island Medical Center,"Avalon, CA","(33.34, -118.33)"
Housekeeper,Catalina Island Medical Center,"Avalon, CA","(33.34, -118.33)"
Visitor Service Center Agent,Catalina Island Company,"Two Harbors, CA","(33.44, -118.50)"
Visitor Service Center Agent,Catalina Island Company,"Two Harbors, CA","(33.44, -118.50)"
Visitor Service Center Agent,Catalina Island Company,"Two Harbors, CA","(33.44, -118.50)"
Visitor Service Center Agent,Catalina Island Company,"Two Harbors, CA","(33.44, -118.50)"
Visitor Service Center Agent,Catalina Island Company,"Two Harbors, CA","(33.44, -118.50)"
Visitor Service Center Agent,Catalina Island Company,"Two Harbors, CA","(33.44, -118.50)"
Visitor Service Center Agent,Catalina Island Company,"Two Harbors, CA","(33.44, -118.50)"
Visitor Service Center Agent,Catalina Island Company,"Two Harbors, CA","(33.44, -118.50)"
Visitor Service Center Agent,Catalina Island Company,"Two Harbors, CA","(33.44, -118.50)"
Visitor Service Center Agent,Catalina Island Company,"Two Harbors, CA","(33.44, -118.50)"
Visitor Service Center Agent,Catalina Island Company,"Two Harbors, CA","(33.44, -118.50)"
Food Service Worker,Catalina Island Medical Center,"Avalon, CA","(33.34, -118.33)"
Front Desk / Guest Services Agent,Hotel Vista Del Mar,"Avalon, CA","(33.34, -118.33)"
"Plant Equipment Operator, 8695 [ON-SITE]",Southern California Edison,"Avalon, CA","(33.34, -118.33)"
Visitor Service Center Agent,Catalina Island Company,"Two Harbors, CA","(33.44, -118.50)"
Visitor Service Center Agent,Catalina Island Company,"Two Harbors, CA","(33.44, -118.50)"
Fitness Center CSR,Catalina Island Medical Center,"Avalon, CA","(33.34, -118.33)"
Front Desk / Guest Services Agent,Hotel Vista Del Mar,"Avalon, CA","(33.34, -118.33)"
Visitor Service Center Agent,Catalina Island Company,"Two Harbors, CA","(33.44, -118.50)"
"Plant Equipment Operator, 8695 [ON-SITE]",Southern California Edison,"Avalon, CA","(33.34, -118.33)"
Visitor Service Center Agent,Catalina Island Company,"Two Harbors, CA","(33.44, -118.50)"
Visitor Service Center Agent,Catalina Island Company,"Two Harbors, CA","(33.44, -118.50)"
Visitor Service Center Agent,Catalina Island Company,"Two Harbors, CA","(33.44, -118.50)"
Fitness Center CSR,Catalina Island Medical Center,"Avalon, CA","(33.34, -118.33)"
Visitor Service Center Agent,Catalina Island Company,"Two Harbors, CA","(33.44, -118.50)"
Visitor Service Center Agent,Catalina Island Company,"Two Harbors, CA","(33.44, -118.50)"
Visitor Service Center Agent,Catalina Island Company,"Two Harbors, CA","(33.44, -118.50)"
Visitor Service Center Agent,Catalina Island Company,"Two Harbors, CA","(33.44, -118.50)"
Visitor Service Center Agent,Catalina Island Company,"Two Harbors, CA","(33.44, -118.50)"
Visitor Service Center Agent,Catalina Island Company,"Two Harbors, CA","(33.44, -118.50)"
Visitor Service Center Agent,Catalina Island Company,"Two Harbors, CA","(33.44, -118.50)"
Visitor Service Center Agent,Catalina Island Company,"Two Harbors, CA","(33.44, -118.50)"
Visitor Service Center Agent,Catalina Island Company,"Two Harbors, CA","(33.44, -118.50)"
Visitor Service Center Agent,Catalina Island Company,"Two Harbors, CA","(33.44, -118.50)"
Visitor Service Center Agent,Catalina Island Company,"Two Harbors, CA","(33.44, -118.50)"
Visitor Service Center Agent,Catalina Island Company,"Two Harbors, CA","(33.44, -118.50)"
Visitor Service Center Agent,Catalina Island Company,"Two Harbors, CA","(33.44, -118.50)"
"Plant Equipment Operator, 8695 [ON-SITE]",Southern California Edison,"Avalon, CA","(33.34, -118.33)"
Fitness Center CSR,Catalina Island Medical Center,"Avalon, CA","(33.34, -118.33)"
Front Desk / Guest Services Agent,Hotel Vista Del Mar,"Avalon, CA","(33.34, -118.33)"
"Plant Equipment Operator, 8695 [ON-SITE]",Southern California Edison,"Avalon, CA","(33.34, -118.33)"
Visitor Service Center Agent,Catalina Island Company,"Two Harbors, CA","(33.44, -118.50)"
Visitor Service Center Agent,Catalina Island Company,"Two Harbors, CA","(33.44, -118.50)"
Visitor Service Center Agent,Catalina Island Company,"Two Harbors, CA","(33.44, -118.50)"
Visitor Service Center Agent,Catalina Island Company,"Two Harbors, CA","(33.44, -118.50)"
Visitor Service Center Agent,Catalina Island Company,"Two Harbors, CA","(33.44, -118.50)"
Visitor Service Center Agent,Catalina Island Company,"Two Harbors, CA","(33.44, -118.50)"
Fitness Center CSR,Catalina Island Medical Center,"Avalon, CA","(33.34, -118.33)"
Visitor Service Center Agent,Catalina Island Company,"Two Harbors, CA","(33.44, -118.50)"
Housekeeper,Catalina Island Medical Center,"Avalon, CA","(33.34, -118.33)"
Visitor Service Center Agent,Catalina Island Company,"Two Harbors, CA","(33.44, -118.50)"
Visitor Service Center Agent,Catalina Island Company,"Two Harbors, CA","(33.44, -118.50)"
Food Service Worker,Catalina Island Medical Center,"Avalon, CA","(33.34, -118.33)"
Visitor Service Center Agent,Catalina Island Company,"Two Harbors, CA","(33.44, -118.50)"
Manager,MMW Hospitaly Corp,"Avalon, CA","(33.34, -118.33)"
Visitor Service Center Agent,Catalina Island Company,"Two Harbors, CA","(33.44, -118.50)"
Visitor Service Center Agent,Catalina Island Company,"Two Harbors, CA","(33.44, -118.50)"
Visitor Service Center Agent,Catalina Island Company,"Two Harbors, CA","(33.44, -118.50)"
Visitor Service Center Agent,Catalina Island Company,"Two Harbors, CA","(33.44, -118.50)"
Visitor Service Center Agent,Catalina Island Company,"Two Harbors, CA","(33.44, -118.50)"
Visitor Service Center Agent,Catalina Island Company,"Two Harbors, CA","(33.44, -118.50)"
Visitor Service Center Agent,Catalina Island Company,"Two Harbors, CA","(33.44, -118.50)"
Visitor Service Center Agent,Catalina Island Company,"Two Harbors, CA","(33.44, -118.50)"
Visitor Service Center Agent,Catalina Island Company,"Two Harbors, CA","(33.44, -118.50)"
Front Desk / Guest Services Agent,Hotel Vista Del Mar,"Avalon, CA","(33.34, -118.33)"
"Plant Equipment Operator, 8695 [ON-SITE]",Southern California Edison,"Avalon, CA","(33.34, -118.33)"
Visitor Service Center Agent,Catalina Island Company,"Two Harbors, CA","(33.44, -118.50)"
Visitor Service Center Agent,Catalina Island Company,"Two Harbors, CA","(33.44, -118.50)"
Visitor Service Center Agent,Catalina Island Company,"Two Harbors, CA","(33.44, -118.50)"
Visitor Service Center Agent,Catalina Island Company,"Two Harbors, CA","(33.44, -118.50)"
Visitor Service Center Agent,Catalina Island Company,"Two Harbors, CA","(33.44, -118.50)"
Visitor Service Center Agent,Catalina Island Company,"Two Harbors, CA","(33.44, -118.50)"
Fitness Center CSR,Catalina Island Medical Center,"Avalon, CA","(33.34, -118.33)"
Housekeeper,Catalina Island Medical Center,"Avalon, CA","(33.34, -118.33)"
Food Service Worker,Catalina Island Medical Center,"Avalon, CA","(33.34, -118.33)"
Front Desk / Guest Services Agent,Hotel Vista Del Mar,"Avalon, CA","(33.34, -118.33)"
Front Desk / Guest Services Agent,Hotel Vista Del Mar,"Avalon, CA","(33.34, -118.33)"
"Plant Equipment Operator, 8695 [ON-SITE]",Southern California Edison,"Avalon, CA","(33.34, -118.33)"
Fitness Center CSR,Catalina Island Medical Center,"Avalon, CA","(33.34, -118.33)"
Housekeeper,Catalina Island Medical Center,"Avalon, CA","(33.34, -118.33)"
Housekeeping Supervisor,Catalina Island Medical Center,"Avalon, CA","(33.34, -118.33)"
Front Desk / Guest Services Agent,Hotel Vista Del Mar,"Avalon, CA","(33.34, -118.33)"
"Plant Equipment Operator, 8695 [ON-SITE]",Southern California Edison,"Avalon, CA","(33.34, -118.33)"
Fitness Center CSR,Catalina Island Medical Center,"Avalon, CA","(33.34, -118.33)"
Housekeeper,Catalina Island Medical Center,"Avalon, CA","(33.34, -118.33)"
Front Desk / Guest Services Agent,Hotel Vista Del Mar,"Avalon, CA","(33.34, -118.33)"
"Plant Equipment Operator, 8695 [ON-SITE]",Southern California Edison,"Avalon, CA","(33.34, -118.33)"
"Plant Equipment Operator, 8695 [ON-SITE]",Southern California Edison,"Avalon, CA","(33.34, -118.33)"
Fitness Center CSR,Catalina Island Medical Center,"Avalon, CA","(33.34, -118.33)"
Front Desk / Guest Services Agent,Hotel Vista Del Mar,"Avalon, CA","(33.34, -118.33)"
"Plant Equipment Operator, 8695 [ON-SITE]",Southern California Edison,"Avalon, CA","(33.34, -118.33)"
Fitness Center CSR,Catalina Island Medical Center,"Avalon, CA","(33.34, -118.33)"
Front Desk / Guest Services Agent,Hotel Vista Del Mar,"Avalon, CA","(33.34, -118.33)"
"Plant Equipment Operator, 8695 [ON-SITE]",Southern California Edison,"Avalon, CA","(33.34, -118.33)"
Fitness Center CSR,Catalina Island Medical Center,"Avalon, CA","(33.34, -118.33)"
Fitness Center CSR,Catalina Island Medical Center,"Avalon, CA","(33.34, -118.33)"
Housekeeper,Catalina Island Medical Center,"Avalon, CA","(33.34, -118.33)"
Front Desk / Guest Services Agent,Hotel Vista Del Mar,"Avalon, CA","(33.34, -118.33)"
"Plant Equipment Operator, 8695 [ON-SITE]",Southern California Edison,"Avalon, CA","(33.34, -118.33)"
Fitness Center CSR,Catalina Island Medical Center,"Avalon, CA","(33.34, -118.33)"
Front Desk / Guest Services Agent,Hotel Vista Del Mar,"Avalon, CA","(33.34, -118.33)"
"Plant Equipment Operator, 8695 [ON-SITE]",Southern California Edison,"Avalon, CA","(33.34, -118.33)"
Manager,MMW Hospitaly Corp,"Avalon, CA","(33.34, -118.33)"
Front Desk / Guest Services Agent,Hotel Vista Del Mar,"Avalon, CA","(33.34, -118.33)"
"Plant Equipment Operator, 8695 [ON-SITE]",Southern California Edison,"Avalon, CA","(33.34, -118.33)"
Fitness Center CSR,Catalina Island Medical Center,"Avalon, CA","(33.34, -118.33)"
Housekeeper,Catalina Island Medical Center,"Avalon, CA","(33.34, -118.33)"
Food Service Worker,Catalina Island Medical Center,"Avalon, CA","(33.34, -118.33)"
Distribution Journeyman Lineman - Catalina Island [ONSITE],Southern California Edison,"Avalon, CA","(33.34, -118.33)"
Housekeeping Supervisor,Catalina Island Medical Center,"Avalon, CA","(33.34, -118.33)"
Fitness Center CSR,Catalina Island Medical Center,"Avalon, CA","(33.34, -118.33)"
Housekeeper,Catalina Island Medical Center,"Avalon, CA","(33.34, -118.33)"
Food Service Worker,Catalina Island Medical Center,"Avalon, CA","(33.34, -118.33)"
Distribution Journeyman Lineman - Catalina Island [ONSITE],Southern California Edison,"Avalon, CA","(33.34, -118.33)"
Housekeeping Supervisor,Catalina Island Medical Center,"Avalon, CA","(33.34, -118.33)"
Front Desk / Guest Services Agent,Hotel Vista Del Mar,"Avalon, CA","(33.34, -118.33)"
Distribution Journeyman Lineman - Catalina Island [ONSITE],Southern California Edison,"Avalon, CA","(33.34, -118.33)"
Front Desk / Guest Services Agent,Hotel Vista Del Mar,"Avalon, CA","(33.34, -118.33)"
"Plant Equipment Operator, 8695 [ON-SITE]",Southern California Edison,"Avalon, CA","(33.34, -118.33)"
Fitness Center CSR,Catalina Island Medical Center,"Avalon, CA","(33.34, -118.33)"
Front Desk / Guest Services Agent,Hotel Vista Del Mar,"Avalon, CA","(33.34, -118.33)"
"Plant Equipment Operator, 8695 [ON-SITE]",Southern California Edison,"Avalon, CA","(33.34, -118.33)"
Fitness Center CSR,Catalina Island Medical Center,"Avalon, CA","(33.34, -118.33)"
Front Desk / Guest Services Agent,Hotel Vista Del Mar,"Avalon, CA","(33.34, -118.33)"
Fitness Center CSR,Catalina Island Medical Center,"Avalon, CA","(33.34, -118.33)"
Housekeeper,Catalina Island Medical Center,"Avalon, CA","(33.34, -118.33)"
Front Desk / Guest Services Agent,Hotel Vista Del Mar,"Avalon, CA","(33.34, -118.33)"
"Plant Equipment Operator, 8695 [ON-SITE]",Southern California Edison,"Avalon, CA","(33.34, -118.33)"
Fitness Center CSR,Catalina Island Medical Center,"Avalon, CA","(33.34, -118.33)"
Front Desk / Guest Services Agent,Hotel Vista Del Mar,"Avalon, CA","(33.34, -118.33)"
"Plant Equipment Operator, 8695 [ON-SITE]",Southern California Edison,"Avalon, CA","(33.34, -118.33)"
Fitness Center CSR,Catalina Island Medical Center,"Avalon, CA","(33.34, -118.33)"
Housekeeper,Catalina Island Medical Center,"Avalon, CA","(33.34, -118.33)"
Food Service Worker,Catalina Island Medical Center,"Avalon, CA","(33.34, -118.33)"
"Plant Equipment Operator, 8695 [ON-SITE]",Southern California Edison,"Avalon, CA","(33.34, -118.33)"
Fitness Center CSR,Catalina Island Medical Center,"Avalon, CA","(33.34, -118.33)"
Housekeeper,Catalina Island Medical Center,"Avalon, CA","(33.34, -118.33)"
Front Desk / Guest Services Agent,Hotel Vista Del Mar,"Avalon, CA","(33.34, -118.33)"
"Plant Equipment Operator, 8695 [ON-SITE]",Southern California Edison,"Avalon, CA","(33.34, -118.33)"
Fitness Center CSR,Catalina Island Medical Center,"Avalon, CA","(33.34, -118.33)"
Front Desk / Guest Services Agent,Hotel Vista Del Mar,"Avalon, CA","(33.34, -118.33)"
"Plant Equipment Operator, 8695 [ON-SITE]",Southern California Edison,"Avalon, CA","(33.34, -118.33)"
Fitness Center CSR,Catalina Island Medical Center,"Avalon, CA","(33.34, -118.33)"
Front Desk / Guest Services Agent,Hotel Vista Del Mar,"Avalon, CA","(33.34, -118.33)"
"Plant Equipment Operator, 8695 [ON-SITE]",Southern California Edison,"Avalon, CA","(33.34, -118.33)"
Fitness Center CSR,Catalina Island Medical Center,"Avalon, CA","(33.34, -118.33)"
Front Desk / Guest Services Agent,Hotel Vista Del Mar,"Avalon, CA","(33.34, -118.33)"
"Plant Equipment Operator, 8695 [ON-SITE]",Southern California Edison,"Avalon, CA","(33.34, -118.33)"
Fitness Center CSR,Catalina Island Medical Center,"Avalon, CA","(33.34, -118.33)"
"Plant Equipment Operator, 8695 [ON-SITE]",Southern California Edison,"Avalon, CA","(33.34, -118.33)"
Fitness Center CSR,Catalina Island Medical Center,"Avalon, CA","(33.34, -118.33)"
Front Desk / Guest Services Agent,Hotel Vista Del Mar,"Avalon, CA","(33.34, -118.33)"
"Plant Equipment Operator, 8695 [ON-SITE]",Southern California Edison,"Avalon, CA","(33.34, -118.33)"
Fitness Center CSR,Catalina Island Medical Center,"Avalon, CA","(33.34, -118.33)"
Housekeeping Supervisor,Catalina Island Medical Center,"Avalon, CA","(33.34, -118.33)"
Front Desk / Guest Services Agent,Hotel Vista Del Mar,"Avalon, CA","(33.34, -118.33)"
"Plant Equipment Operator, 8695 [ON-SITE]",Southern California Edison,"Avalon, CA","(33.34, -118.33)"
Fitness Center CSR,Catalina Island Medical Center,"Avalon, CA","(33.34, -118.33)"
Front Desk / Guest Services Agent,Hotel Vista Del Mar,"Avalon, CA","(33.34, -118.33)"
"Plant Equipment Operator, 8695 [ON-SITE]",Southern California Edison,"Avalon, CA","(33.34, -118.33)"
Fitness Center CSR,Catalina Island Medical Center,"Avalon, CA","(33.34, -118.33)"
Housekeeper,Catalina Island Medical Center,"Avalon, CA","(33.34, -118.33)"
Front Desk / Guest Services Agent,Hotel Vista Del Mar,"Avalon, CA","(33.34, -118.33)"
Front Desk / Guest Services Agent,Hotel Vista Del Mar,"Avalon, CA","(33.34, -118.33)"
"Plant Equipment Operator, 8695 [ON-SITE]",Southern California Edison,"Avalon, CA","(33.34, -118.33)"
Fitness Center CSR,Catalina Island Medical Center,"Avalon, CA","(33.34, -118.33)"
Housekeeper,Catalina Island Medical Center,"Avalon, CA","(33.34, -118.33)"
Food Service Worker,Catalina Island Medical Center,"Avalon, CA","(33.34, -118.33)"
Distribution Journeyman Lineman - Catalina Island [ONSITE],Southern California Edison,"Avalon, CA","(33.34, -118.33)"
Housekeeping Supervisor,Catalina Island Medical Center,"Avalon, CA","(33.34, -118.33)"
Front Desk / Guest Services Agent,Hotel Vista Del Mar,"Avalon, CA","(33.34, -118.33)"
"Plant Equipment Operator, 8695 [ON-SITE]",Southern California Edison,"Avalon, CA","(33.34, -118.33)"
Fitness Center CSR,Catalina Island Medical Center,"Avalon, CA","(33.34, -118.33)"
Housekeeper,Catalina Island Medical Center,"Avalon, CA","(33.34, -118.33)"
Front Desk / Guest Services Agent,Hotel Vista Del Mar,"Avalon, CA","(33.34, -118.33)"
Manager,MMW Hospitaly Corp,"Avalon, CA","(33.34, -118.33)"
Limpia de casa,Catalina Island Medical Center,"Avalon, CA","(33.34, -118.33)"
Limpia de casa,Catalina Island Medical Center,"Avalon, CA","(33.34, -118.33)"
Limpia de casa,Catalina Island Medical Center,"Avalon, CA","(33.34, -118.33)"
Limpia de casa,Catalina Island Medical Center,"Avalon, CA","(33.34, -118.33)"
Limpia de casa,Catalina Island Medical Center,"Avalon, CA","(33.34, -118.33)"
Limpia de casa,Catalina Island Medical Center,"Avalon, CA","(33.34, -118.33)"
Limpia de casa,Catalina Island Medical Center,"Avalon, CA","(33.34, -118.33)"
Limpia de casa,Catalina Island Medical Center,"Avalon, CA","(33.34, -118.33)"
Manager,MMW Hospitaly Corp,"Avalon, CA","(33.34, -118.33)"
Limpia de casa,Catalina Island Medical Center,"Avalon, CA","(33.34, -118.33)"
Limpia de casa,Catalina Island Medical Center,"Avalon, CA","(33.34, -118.33)"
Limpia de casa,Catalina Island Medical Center,"Avalon, CA","(33.34, -118.33)"
Limpia de casa,Catalina Island Medical Center,"Avalon, CA","(33.34, -118.33)"
Limpia de casa,Catalina Island Medical Center,"Avalon, CA","(33.34, -118.33)"
Limpia de casa,Catalina Island Medical Center,"Avalon, CA","(33.34, -118.33)"
Limpia de casa,Catalina Island Medical Center,"Avalon, CA","(33.34, -118.33)"
Manager,MMW Hospitaly Corp,"Avalon, CA","(33.34, -118.33)"
Game Host for Unique Sightseeing Tour,Fantastic Race,"Avalon, CA","(33.34, -118.33)"
Game Host for Unique Sightseeing Tour,Fantastic Race,"Avalon, CA","(33.34, -118.33)"
Manager,MMW Hospitaly Corp,"Avalon, CA","(33.34, -118.33)"
Manager,MMW Hospitaly Corp,"Avalon, CA","(33.34, -118.33)"
Manager,MMW Hospitaly Corp,"Avalon, CA","(33.34, -118.33)"
Manager,MMW Hospitaly Corp,"Avalon, CA","(33.34, -118.33)"
Manager,MMW Hospitaly Corp,"Avalon, CA","(33.34, -118.33)"
Manager,MMW Hospitaly Corp,"Avalon, CA","(33.34, -118.33)"
Manager,MMW Hospitaly Corp,"Avalon, CA","(33.34, -118.33)"
Manager,MMW Hospitaly Corp,"Avalon, CA","(33.34, -118.33)"
Manager,MMW Hospitaly Corp,"Avalon, CA","(33.34, -118.33)"
Manager,MMW Hospitaly Corp,"Avalon, CA","(33.34, -118.33)"
Manager,MMW Hospitaly Corp,"Avalon, CA","(33.34, -118.33)"
Manager,MMW Hospitaly Corp,"Avalon, CA","(33.34, -118.33)"
Manager,MMW Hospitaly Corp,"Avalon, CA","(33.34, -118.33)"
Manager,MMW Hospitaly Corp,"Avalon, CA","(33.34, -118.33)"
Manager,MMW Hospitaly Corp,"Avalon, CA","(33.34, -118.33)"